시군구,번지,단지명,전용면적,거래금액
서울특별시 구로구 가리봉동,139,효성,84.87,"56,500"
서울특별시 구로구 가리봉동,139,효성,59.94,"42,000"
서울특별시 구로구 개봉동,491,LIP e-푸른아파트,83.02,"46,000"
서울특별시 구로구 개봉동,491,LIP e-푸른아파트,83.02,"49,000"
서울특별시 구로구 개봉동,489,개봉동현대아이파크,59.99,"79,500"
서울특별시 구로구 개봉동,489,개봉동현대아이파크,117.74,"103,250"
서울특별시 구로구 개봉동,489,개봉동현대아이파크,84.98,"93,000"
서울특별시 구로구 개봉동,489,개봉동현대아이파크,59.99,"78,900"
서울특별시 구로구 개봉동,489,개봉동현대아이파크,84.98,"93,000"
서울특별시 구로구 개봉동,489,개봉동현대아이파크,59.99,"77,000"
서울특별시 구로구 개봉동,489,개봉동현대아이파크,84.98,"92,000"
서울특별시 구로구 개봉동,489,개봉동현대아이파크,84.98,"89,000"
서울특별시 구로구 개봉동,489,개봉동현대아이파크,59.99,"81,200"
서울특별시 구로구 개봉동,489,개봉동현대아이파크,59.99,"81,000"
서울특별시 구로구 개봉동,489,개봉동현대아이파크,117.74,"103,300"
서울특별시 구로구 개봉동,492,개봉푸르지오,71.49,"84,000"
서울특별시 구로구 개봉동,492,개봉푸르지오,71.86,"81,000"
서울특별시 구로구 개봉동,492,개봉푸르지오,84.88,"87,000"
서울특별시 구로구 개봉동,492,개봉푸르지오,84.94,"90,000"
서울특별시 구로구 개봉동,492,개봉푸르지오,84.94,"93,000"
서울특별시 구로구 개봉동,492,개봉푸르지오,71.86,"87,000"
서울특별시 구로구 개봉동,270-80,거성,58.23,"22,000"
서울특별시 구로구 개봉동,270-80,거성,58.23,"28,000"
서울특별시 구로구 개봉동,270-80,거성,47.52,"22,000"
서울특별시 구로구 개봉동,60-101,거성푸르뫼,132.68,"59,000"
서울특별시 구로구 개봉동,60-101,거성푸르뫼,59.89,"38,500"
서울특별시 구로구 개봉동,60-82,거성푸르뫼2,59.9,"39,000"
서울특별시 구로구 개봉동,304-16,건양,74.96,"25,500"
서울특별시 구로구 개봉동,484,고운아파트,84.91,"47,000"
서울특별시 구로구 개봉동,484,고운아파트,84.91,"47,000"
서울특별시 구로구 개봉동,484,고운아파트,59.94,"44,500"
서울특별시 구로구 개봉동,312-38,길훈,59.57,"21,700"
서울특별시 구로구 개봉동,477,대상,74.56,"50,000"
서울특별시 구로구 개봉동,477,대상,84.94,"54,000"
서울특별시 구로구 개봉동,477,대상,84.98,"50,400"
서울특별시 구로구 개봉동,477,대상,84.98,"56,000"
서울특별시 구로구 개봉동,477,대상,84.98,"59,900"
서울특별시 구로구 개봉동,335-1,동인,78.64,"42,500"
서울특별시 구로구 개봉동,335-1,동인,67.36,"42,000"
서울특별시 구로구 개봉동,472,두산,59.69,"56,000"
서울특별시 구로구 개봉동,472,두산,111.69,"74,500"
서울특별시 구로구 개봉동,472,두산,59.69,"55,200"
서울특별시 구로구 개봉동,472,두산,59.69,"57,700"
서울특별시 구로구 개봉동,472,두산,59.69,"59,000"
서울특별시 구로구 개봉동,472,두산,59.69,"60,000"
서울특별시 구로구 개봉동,472,두산,111.69,"72,000"
서울특별시 구로구 개봉동,471,삼호,84.88,"70,500"
서울특별시 구로구 개봉동,471,삼호,84.88,"71,500"
서울특별시 구로구 개봉동,471,삼호,84.88,"66,650"
서울특별시 구로구 개봉동,470,삼환,59.4,"56,000"
서울특별시 구로구 개봉동,470,삼환,59.4,"58,500"
서울특별시 구로구 개봉동,470,삼환,59.4,"59,000"
서울특별시 구로구 개봉동,470,삼환,84.945,"67,000"
서울특별시 구로구 개봉동,470,삼환,59.4,"60,000"
서울특별시 구로구 개봉동,470,삼환,114.48,"79,500"
서울특별시 구로구 개봉동,470,삼환,114.48,"76,000"
서울특별시 구로구 개봉동,473,상우,96.3,"63,800"
서울특별시 구로구 개봉동,473,상우,96.3,"67,000"
서울특별시 구로구 개봉동,63-15,수영힐(나동),76.58,"35,000"
서울특별시 구로구 개봉동,170-30,신개봉삼환,59.81,"50,700"
서울특별시 구로구 개봉동,170-30,신개봉삼환,59.81,"51,000"
서울특별시 구로구 개봉동,170-30,신개봉삼환,84.99,"70,000"
서울특별시 구로구 개봉동,488,영화아이닉스,84.98,"67,000"
서울특별시 구로구 개봉동,488,영화아이닉스,84.98,"62,000"
서울특별시 구로구 개봉동,488,영화아이닉스,65.71,"57,800"
서울특별시 구로구 개봉동,483,율포그레이스빌,70.31,"44,500"
서울특별시 구로구 개봉동,01월 20일,창동,46.08,"26,000"
서울특별시 구로구 개봉동,175-8,청실,64.56,"52,900"
서울특별시 구로구 개봉동,367-2,태경하이빌,82.31,"40,300"
서울특별시 구로구 개봉동,367-2,태경하이빌,82.31,"40,450"
서울특별시 구로구 개봉동,476,한마을,149.97,"104,500"
서울특별시 구로구 개봉동,476,한마을,123.46,"99,000"
서울특별시 구로구 개봉동,476,한마을,84.57,"90,500"
서울특별시 구로구 개봉동,476,한마을,59.57,"70,000"
서울특별시 구로구 개봉동,476,한마을,84.57,"87,000"
서울특별시 구로구 개봉동,476,한마을,149.97,"100,000"
서울특별시 구로구 개봉동,476,한마을,84.57,"89,000"
서울특별시 구로구 개봉동,476,한마을,59.57,"66,000"
서울특별시 구로구 개봉동,476,한마을,59.57,"73,000"
서울특별시 구로구 개봉동,476,한마을,84.57,"91,000"
서울특별시 구로구 개봉동,476,한마을,59.57,"76,500"
서울특별시 구로구 개봉동,476,한마을,84.57,"88,000"
서울특별시 구로구 개봉동,476,한마을,84.57,"88,000"
서울특별시 구로구 개봉동,476,한마을,59.57,"73,000"
서울특별시 구로구 개봉동,476,한마을,59.57,"74,000"
서울특별시 구로구 개봉동,476,한마을,84.57,"83,000"
서울특별시 구로구 개봉동,476,한마을,84.57,"84,000"
서울특별시 구로구 개봉동,476,한마을,123.46,"91,500"
서울특별시 구로구 개봉동,476,한마을,59.57,"74,000"
서울특별시 구로구 개봉동,493,한양아이클래스 구로,45.32,"30,500"
서울특별시 구로구 개봉동,493,한양아이클래스 구로,42.35,"27,800"
서울특별시 구로구 개봉동,493,한양아이클래스 구로,44.4,"29,000"
서울특별시 구로구 개봉동,493,한양아이클래스 구로,42.35,"26,900"
서울특별시 구로구 개봉동,493,한양아이클래스 구로,48.24,"36,900"
서울특별시 구로구 개봉동,493,한양아이클래스 구로,47.74,"32,500"
서울특별시 구로구 개봉동,493,한양아이클래스 구로,48.24,"37,000"
서울특별시 구로구 개봉동,493,한양아이클래스 구로,45.32,"31,000"
서울특별시 구로구 개봉동,493,한양아이클래스 구로,45.32,"26,100"
서울특별시 구로구 개봉동,478,한진,84.96,"60,000"
서울특별시 구로구 개봉동,478,한진,84.96,"64,000"
서울특별시 구로구 개봉동,478,한진,59.95,"56,200"
서울특별시 구로구 개봉동,478,한진,84.96,"65,000"
서울특별시 구로구 개봉동,478,한진,59.95,"55,900"
서울특별시 구로구 개봉동,478,한진,84.96,"66,000"
서울특별시 구로구 개봉동,478,한진,84.96,"67,000"
서울특별시 구로구 개봉동,478,한진,84.96,"65,800"
서울특별시 구로구 개봉동,478,한진,84.96,"67,500"
서울특별시 구로구 개봉동,478,한진,59.95,"58,000"
서울특별시 구로구 개봉동,478,한진,59.95,"57,500"
서울특별시 구로구 개봉동,478,한진,59.95,"56,000"
서울특별시 구로구 개봉동,478,한진,59.95,"57,300"
서울특별시 구로구 개봉동,478,한진,59.95,"57,850"
서울특별시 구로구 개봉동,478,한진,59.95,"60,000"
서울특별시 구로구 개봉동,478,한진,59.95,"52,500"
서울특별시 구로구 개봉동,478,한진,59.95,"55,500"
서울특별시 구로구 개봉동,478,한진,59.95,"56,500"
서울특별시 구로구 개봉동,478,한진,59.95,"59,000"
서울특별시 구로구 개봉동,478,한진,84.96,"69,500"
서울특별시 구로구 개봉동,478,한진,84.96,"68,000"
서울특별시 구로구 개봉동,478,한진,59.95,"57,000"
서울특별시 구로구 개봉동,478,한진,84.96,"70,000"
서울특별시 구로구 개봉동,478,한진,59.95,"57,000"
서울특별시 구로구 개봉동,481,현대,84.99,"85,500"
서울특별시 구로구 개봉동,481,현대,84.99,"82,000"
서울특별시 구로구 개봉동,481,현대,114.99,"88,500"
서울특별시 구로구 개봉동,481,현대,59.94,"75,000"
서울특별시 구로구 개봉동,481,현대,84.99,"84,700"
서울특별시 구로구 개봉동,481,현대,84.99,"83,000"
서울특별시 구로구 개봉동,481,현대,59.94,"75,000"
서울특별시 구로구 개봉동,481,현대,84.99,"81,800"
서울특별시 구로구 개봉동,481,현대,84.99,"84,000"
서울특별시 구로구 개봉동,481,현대,114.99,"95,000"
서울특별시 구로구 개봉동,481,현대,84.99,"83,000"
서울특별시 구로구 개봉동,481,현대,114.99,"93,000"
서울특별시 구로구 개봉동,481,현대,114.99,"86,500"
서울특별시 구로구 개봉동,481,현대,59.94,"72,000"
서울특별시 구로구 개봉동,481,현대,59.94,"74,500"
서울특별시 구로구 개봉동,481,현대,84.96,"86,000"
서울특별시 구로구 개봉동,481,현대,114.99,"94,500"
서울특별시 구로구 개봉동,481,현대,114.99,"96,000"
서울특별시 구로구 개봉동,481,현대,59.94,"75,000"
서울특별시 구로구 개봉동,481,현대,59.94,"76,000"
서울특별시 구로구 개봉동,481,현대,84.99,"85,000"
서울특별시 구로구 개봉동,481,현대,84.99,"85,500"
서울특별시 구로구 개봉동,481,현대,84.99,"78,000"
서울특별시 구로구 개봉동,481,현대,59.94,"74,200"
서울특별시 구로구 개봉동,481,현대,59.94,"74,500"
서울특별시 구로구 개봉동,481,현대,84.99,"86,700"
서울특별시 구로구 개봉동,481,현대,59.94,"76,000"
서울특별시 구로구 개봉동,481,현대,59.94,"73,500"
서울특별시 구로구 개봉동,481,현대,59.94,"76,500"
서울특별시 구로구 개봉동,481,현대,59.94,"73,000"
서울특별시 구로구 개봉동,480,현대홈타운,115,"86,750"
서울특별시 구로구 개봉동,480,현대홈타운,84.915,"77,500"
서울특별시 구로구 개봉동,480,현대홈타운,84.915,"77,500"
서울특별시 구로구 개봉동,480,현대홈타운,84.915,"75,500"
서울특별시 구로구 개봉동,480,현대홈타운,59.49,"66,500"
서울특별시 구로구 개봉동,480,현대홈타운,115,"90,500"
서울특별시 구로구 개봉동,480,현대홈타운,84.915,"82,700"
서울특별시 구로구 개봉동,480,현대홈타운,59.49,"64,000"
서울특별시 구로구 개봉동,480,현대홈타운,59.49,"65,500"
서울특별시 구로구 개봉동,480,현대홈타운,84.915,"79,500"
서울특별시 구로구 개봉동,480,현대홈타운,59.49,"69,000"
서울특별시 구로구 개봉동,480,현대홈타운,84.915,"80,000"
서울특별시 구로구 개봉동,480,현대홈타운,59.49,"64,700"
서울특별시 구로구 고척동,325,경남1,84.85,"60,000"
서울특별시 구로구 고척동,325,경남1,59.98,"54,000"
서울특별시 구로구 고척동,325,경남1,59.92,"57,500"
서울특별시 구로구 고척동,325,경남1,84.85,"59,000"
서울특별시 구로구 고척동,306,경남2,59.96,"53,000"
서울특별시 구로구 고척동,306,경남2,84.85,"66,800"
서울특별시 구로구 고척동,340,고척LIG리가1차,84.91,"84,000"
서울특별시 구로구 고척동,340,고척LIG리가1차,84.91,"83,000"
서울특별시 구로구 고척동,340,고척LIG리가1차,84.98,"80,500"
서울특별시 구로구 고척동,340-1,고척LIG리가2차,59.95,"72,000"
서울특별시 구로구 고척동,343,고척월드메르디앙,84.93,"70,800"
서울특별시 구로구 고척동,343,고척월드메르디앙,84.93,"80,500"
서울특별시 구로구 고척동,343,고척월드메르디앙,84.93,"82,000"
서울특별시 구로구 고척동,343,고척월드메르디앙,84.93,"75,000"
서울특별시 구로구 고척동,343,고척월드메르디앙,84.93,"87,500"
서울특별시 구로구 고척동,339,고척파크푸르지오,84.94,"79,000"
서울특별시 구로구 고척동,339,고척파크푸르지오,59.89,"79,000"
서울특별시 구로구 고척동,339,고척파크푸르지오,59.89,"80,800"
서울특별시 구로구 고척동,339,고척파크푸르지오,59.89,"74,000"
서울특별시 구로구 고척동,296,대우,59.97,"57,000"
서울특별시 구로구 고척동,296,대우,59.97,"57,000"
서울특별시 구로구 고척동,296,대우,59.97,"57,000"
서울특별시 구로구 고척동,296,대우,59.97,"58,600"
서울특별시 구로구 고척동,296,대우,114.95,"73,500"
서울특별시 구로구 고척동,296,대우,84.98,"68,500"
서울특별시 구로구 고척동,296,대우,84.99,"68,000"
서울특별시 구로구 고척동,296,대우,84.98,"65,500"
서울특별시 구로구 고척동,296,대우,114.95,"76,000"
서울특별시 구로구 고척동,296,대우,114.95,"74,400"
서울특별시 구로구 고척동,296,대우,59.96,"57,750"
서울특별시 구로구 고척동,296,대우,59.97,"59,900"
서울특별시 구로구 고척동,296,대우,84.99,"75,000"
서울특별시 구로구 고척동,296,대우,84.98,"73,800"
서울특별시 구로구 고척동,327,동아한신,115.31,"89,900"
서울특별시 구로구 고척동,327,동아한신,84.92,"71,200"
서울특별시 구로구 고척동,327,동아한신,84.92,"69,000"
서울특별시 구로구 고척동,338,마젤란,95.52,"76,000"
서울특별시 구로구 고척동,338,마젤란,84.923,"73,000"
서울특별시 구로구 고척동,338,마젤란,84.923,"74,900"
서울특별시 구로구 고척동,334,벽산,84.878,"88,000"
서울특별시 구로구 고척동,334,벽산,84.878,"89,000"
서울특별시 구로구 고척동,334,벽산,84.878,"94,900"
서울특별시 구로구 고척동,334,벽산,84.878,"95,000"
서울특별시 구로구 고척동,342,벽산베스트블루밍,114.611,"108,000"
서울특별시 구로구 고척동,342,벽산베스트블루밍,84.887,"87,000"
서울특별시 구로구 고척동,342,벽산베스트블루밍,59.962,"73,000"
서울특별시 구로구 고척동,342,벽산베스트블루밍,84.742,"86,900"
서울특별시 구로구 고척동,Sep-57,산업인,47.26,"27,700"
서울특별시 구로구 고척동,Sep-57,산업인,47.01,"30,600"
서울특별시 구로구 고척동,Sep-57,산업인,47.27,"29,900"
서울특별시 구로구 고척동,Sep-57,산업인,47.26,"30,000"
서울특별시 구로구 고척동,Sep-57,산업인,46.97,"31,000"
서울특별시 구로구 고척동,Sep-57,산업인,47.23,"30,200"
서울특별시 구로구 고척동,Sep-57,산업인,47.01,"30,500"
서울특별시 구로구 고척동,Sep-57,산업인,48.04,"32,000"
서울특별시 구로구 고척동,Sep-57,산업인,47.26,"32,900"
서울특별시 구로구 고척동,Sep-57,산업인,47.24,"33,000"
서울특별시 구로구 고척동,Sep-57,산업인,47.26,"33,500"
서울특별시 구로구 고척동,Sep-57,산업인,47.23,"33,000"
서울특별시 구로구 고척동,Sep-57,산업인,48.04,"32,500"
서울특별시 구로구 고척동,Sep-57,산업인,48.04,"33,500"
서울특별시 구로구 고척동,Sep-57,산업인,47.01,"34,000"
서울특별시 구로구 고척동,Sep-57,산업인,47,"34,800"
서울특별시 구로구 고척동,Sep-57,산업인,48.04,"33,000"
서울특별시 구로구 고척동,Sep-57,산업인,47.01,"33,900"
서울특별시 구로구 고척동,Sep-57,산업인,47.01,"33,900"
서울특별시 구로구 고척동,Sep-57,산업인,47.23,"34,000"
서울특별시 구로구 고척동,Sep-57,산업인,47,"33,750"
서울특별시 구로구 고척동,Sep-57,산업인,47.27,"33,000"
서울특별시 구로구 고척동,Sep-57,산업인,89.27,"62,000"
서울특별시 구로구 고척동,Mar-97,삼명,43.74,"34,500"
서울특별시 구로구 고척동,Mar-97,삼명,43.74,"34,800"
서울특별시 구로구 고척동,330,삼익(1단지),59.82,"52,700"
서울특별시 구로구 고척동,336,삼환로즈빌,84.994,"82,500"
서울특별시 구로구 고척동,336,삼환로즈빌,84.994,"84,000"
서울특별시 구로구 고척동,336,삼환로즈빌,84.994,"84,500"
서울특별시 구로구 고척동,336,삼환로즈빌,84.994,"85,000"
서울특별시 구로구 고척동,141-1,서울가든,54.61,"55,000"
서울특별시 구로구 고척동,141-1,서울가든,84.99,"68,300"
서울특별시 구로구 고척동,141-1,서울가든,84.99,"69,300"
서울특별시 구로구 고척동,141-1,서울가든,84.99,"73,000"
서울특별시 구로구 고척동,322,성원,56.97,"36,200"
서울특별시 구로구 고척동,322,성원,56.97,"34,950"
서울특별시 구로구 고척동,320,센츄리,84.56,"65,000"
서울특별시 구로구 고척동,320,센츄리,84.56,"67,500"
서울특별시 구로구 고척동,320,센츄리,84.56,"66,000"
서울특별시 구로구 고척동,324,신원프라자,65.37,"30,500"
서울특별시 구로구 고척동,324,신원프라자,84.27,"48,500"
서울특별시 구로구 고척동,324,신원프라자,84.27,"48,500"
서울특별시 구로구 고척동,324,신원프라자,65.37,"44,500"
서울특별시 구로구 고척동,328,양우,59.94,"45,500"
서울특별시 구로구 고척동,76-55,"우성,현대아파트",79.32,"64,900"
서울특별시 구로구 고척동,76-55,"우성,현대아파트",68.7,"64,000"
서울특별시 구로구 고척동,321,우성꿈동산,79.77,"50,000"
서울특별시 구로구 고척동,321,우성꿈동산,79.77,"54,700"
서울특별시 구로구 고척동,167-102,진성그린아파트,76.06,"36,000"
서울특별시 구로구 고척동,326,청구,59.94,"59,000"
서울특별시 구로구 고척동,337,한일유앤아이,84.726,"69,800"
서울특별시 구로구 고척동,337,한일유앤아이,114.79,"85,000"
서울특별시 구로구 고척동,337,한일유앤아이,59.647,"59,000"
서울특별시 구로구 고척동,337,한일유앤아이,84.726,"68,000"
서울특별시 구로구 고척동,337,한일유앤아이,59.647,"61,000"
서울특별시 구로구 고척동,337,한일유앤아이,84.98,"68,800"
서울특별시 구로구 고척동,52-332,한효,82.48,"69,000"
서울특별시 구로구 고척동,52-332,한효,69.87,"67,000"
서울특별시 구로구 구로동,716-22,(716-22)우진빌라C,48.4,"18,000"
서울특별시 구로구 구로동,717-10,(717-10),45.89,"20,900"
서울특별시 구로구 구로동,717-5,(717-5)미래빌라,44.37,"18,500"
서울특별시 구로구 구로동,718-11,(718-11)경원주택6동,44.55,"15,750"
서울특별시 구로구 구로동,718-12,(718-12)부국주택,42.96,"18,000"
서울특별시 구로구 구로동,743-10,(743-10),37.26,"25,000"
서울특별시 구로구 구로동,744-15,(744-15),45.45,"28,000"
서울특별시 구로구 구로동,744-16,(744-16),57.81,"22,000"
서울특별시 구로구 구로동,744-16,(744-16),57.81,"20,500"
서울특별시 구로구 구로동,744-19,(744-19),45.64,"20,000"
서울특별시 구로구 구로동,744-3,(744-3),38.81,"19,000"
서울특별시 구로구 구로동,745-38,(745-38),58.03,"23,000"
서울특별시 구로구 구로동,745-60,(745-60),43.42,"19,000"
서울특별시 구로구 구로동,746-3,(746-3),53.1,"27,000"
서울특별시 구로구 구로동,746-3,(746-3),53.1,"26,900"
서울특별시 구로구 구로동,746-3,(746-3),53.1,"27,000"
서울특별시 구로구 구로동,746-3,(746-3),53.1,"30,000"
서울특별시 구로구 구로동,747-34,(747-34),49.11,"21,600"
서울특별시 구로구 구로동,747-35,(747-35),50.52,"23,500"
서울특별시 구로구 구로동,749-44,(749-44),37.47,"22,000"
서울특별시 구로구 구로동,749-46,(749-46),35.31,"15,500"
서울특별시 구로구 구로동,749-46,(749-46),38.43,"17,500"
서울특별시 구로구 구로동,749-5,(749-5),55.44,"26,000"
서울특별시 구로구 구로동,749-8,(749-8),45.09,"19,000"
서울특별시 구로구 구로동,750-7,(750-7),45,"15,000"
서울특별시 구로구 구로동,752-6,(752-6),28.56,"22,500"
서울특별시 구로구 구로동,770-40,(770-40),46.56,"22,000"
서울특별시 구로구 구로동,770-59,(770-59),44.46,"21,000"
서울특별시 구로구 구로동,777-3,(777-3)두암호은리버빌,54.48,"27,000"
서울특별시 구로구 구로동,779-3,(779-3),35.59,"10,000"
서울특별시 구로구 구로동,780-31,(780-31),36.48,"11,950"
서울특별시 구로구 구로동,780-58,(780-58),33.52,"22,000"
서울특별시 구로구 구로동,781-12,(781-12),50.32,"21,000"
서울특별시 구로구 구로동,792-2,(792-2),53.82,"26,000"
서울특별시 구로구 구로동,792-86,(792-86),47.5,"19,000"
서울특별시 구로구 구로동,792-9,(792-9),47.19,"19,500"
서울특별시 구로구 구로동,794-22,(794-22),59.3,"17,400"
서울특별시 구로구 구로동,796-14,(796-14),49.84,"26,000"
서울특별시 구로구 구로동,796-25,(796-25),45.48,"19,000"
서울특별시 구로구 구로동,796-65,(796-65)삼성주택,44,"17,500"
서울특별시 구로구 구로동,797-22,(797-22),42.48,"22,000"
서울특별시 구로구 구로동,798-21,(798-21),40.68,"21,000"
서울특별시 구로구 구로동,807-37,(807-37),31.11,"15,300"
서울특별시 구로구 구로동,807-37,(807-37),31.11,"15,500"
서울특별시 구로구 구로동,807-37,(807-37),31.11,"16,000"
서울특별시 구로구 구로동,807-37,(807-37),31.11,"14,800"
서울특별시 구로구 구로동,801-14,801-14,21.6,"14,200"
서울특별시 구로구 구로동,487-24,M 센트럴뷰,49.9,"47,000"
서울특별시 구로구 구로동,746-49,계영주택(746-49),59.88,"23,000"
서울특별시 구로구 구로동,1265,구로두산,44.64,"49,700"
서울특별시 구로구 구로동,1265,구로두산,51.84,"58,000"
서울특별시 구로구 구로동,1265,구로두산,84.9,"73,500"
서울특별시 구로구 구로동,1265,구로두산,51.84,"58,000"
서울특별시 구로구 구로동,1265,구로두산,44.64,"49,800"
서울특별시 구로구 구로동,1265,구로두산,44.64,"49,500"
서울특별시 구로구 구로동,1265,구로두산,51.84,"55,200"
서울특별시 구로구 구로동,1265,구로두산,44.64,"49,300"
서울특별시 구로구 구로동,1265,구로두산,44.64,"45,800"
서울특별시 구로구 구로동,1265,구로두산,44.64,"49,900"
서울특별시 구로구 구로동,1265,구로두산,44.64,"45,600"
서울특별시 구로구 구로동,1265,구로두산,51.84,"58,300"
서울특별시 구로구 구로동,1265,구로두산,44.64,"51,000"
서울특별시 구로구 구로동,1265,구로두산,44.64,"45,500"
서울특별시 구로구 구로동,1265,구로두산,44.64,"52,800"
서울특별시 구로구 구로동,1265,구로두산,51.84,"59,300"
서울특별시 구로구 구로동,1265,구로두산,51.84,"60,000"
서울특별시 구로구 구로동,1265,구로두산,44.64,"46,900"
서울특별시 구로구 구로동,1265,구로두산,44.64,"51,000"
서울특별시 구로구 구로동,1265,구로두산,51.84,"60,900"
서울특별시 구로구 구로동,1265,구로두산,44.64,"53,000"
서울특별시 구로구 구로동,1265,구로두산,44.64,"52,800"
서울특별시 구로구 구로동,1265,구로두산,44.64,"53,000"
서울특별시 구로구 구로동,1265,구로두산,63.33,"66,000"
서울특별시 구로구 구로동,1265,구로두산,44.64,"49,000"
서울특별시 구로구 구로동,1265,구로두산,44.64,"52,500"
서울특별시 구로구 구로동,1265,구로두산,44.64,"53,000"
서울특별시 구로구 구로동,1278,구로두산위브,36.88,"51,500"
서울특별시 구로구 구로동,1278,구로두산위브,36.88,"52,500"
서울특별시 구로구 구로동,1278,구로두산위브,36.88,"50,500"
서울특별시 구로구 구로동,1278,구로두산위브,36.88,"48,000"
서울특별시 구로구 구로동,1278,구로두산위브,36.88,"49,400"
서울특별시 구로구 구로동,1278,구로두산위브,36.88,"50,450"
서울특별시 구로구 구로동,1278,구로두산위브,36.88,"45,000"
서울특별시 구로구 구로동,1278,구로두산위브,36.88,"46,900"
서울특별시 구로구 구로동,1278,구로두산위브,83.39,"87,000"
서울특별시 구로구 구로동,1278,구로두산위브,36.88,"54,000"
서울특별시 구로구 구로동,1278,구로두산위브,36.88,"54,500"
서울특별시 구로구 구로동,1278,구로두산위브,50.14,"68,800"
서울특별시 구로구 구로동,1278,구로두산위브,50.14,"73,000"
서울특별시 구로구 구로동,1278,구로두산위브,36.88,"53,500"
서울특별시 구로구 구로동,1278,구로두산위브,50.14,"70,000"
서울특별시 구로구 구로동,1278,구로두산위브,36.88,"54,000"
서울특별시 구로구 구로동,804-4,구로아트빌라9,59.89,"21,500"
서울특별시 구로구 구로동,567-4,구로에스케이뷰,84.945,"82,500"
서울특별시 구로구 구로동,567-4,구로에스케이뷰,84.945,"85,000"
서울특별시 구로구 구로동,1287,구로지웰,59.651,"55,000"
서울특별시 구로구 구로동,1256,구로현대,56.49,"59,900"
서울특별시 구로구 구로동,1256,구로현대,63.98,"66,900"
서울특별시 구로구 구로동,1256,구로현대,84.57,"75,000"
서울특별시 구로구 구로동,1256,구로현대,63.98,"58,000"
서울특별시 구로구 구로동,1256,구로현대,63.98,"66,000"
서울특별시 구로구 구로동,1256,구로현대,56.49,"62,500"
서울특별시 구로구 구로동,1256,구로현대,84.57,"76,900"
서울특별시 구로구 구로동,1256,구로현대,63.98,"65,700"
서울특별시 구로구 구로동,1256,구로현대,56.49,"63,500"
서울특별시 구로구 구로동,1259,구일우성,84.49,"73,000"
서울특별시 구로구 구로동,1259,구일우성,59.44,"53,500"
서울특별시 구로구 구로동,1259,구일우성,59.44,"54,300"
서울특별시 구로구 구로동,1259,구일우성,59.44,"53,000"
서울특별시 구로구 구로동,1259,구일우성,59.44,"55,800"
서울특별시 구로구 구로동,1259,구일우성,59.44,"55,300"
서울특별시 구로구 구로동,1259,구일우성,84.49,"73,700"
서울특별시 구로구 구로동,1259,구일우성,84.49,"74,200"
서울특별시 구로구 구로동,1259,구일우성,59.44,"57,500"
서울특별시 구로구 구로동,1259,구일우성,59.44,"53,000"
서울특별시 구로구 구로동,1259,구일우성,59.44,"59,800"
서울특별시 구로구 구로동,1259,구일우성,59.44,"50,000"
서울특별시 구로구 구로동,1259,구일우성,84.49,"72,800"
서울특별시 구로구 구로동,1259,구일우성,114.47,"89,000"
서울특별시 구로구 구로동,1259,구일우성,59.44,"60,000"
서울특별시 구로구 구로동,1259,구일우성,59.44,"59,500"
서울특별시 구로구 구로동,1259,구일우성,59.44,"61,000"
서울특별시 구로구 구로동,1259,구일우성,84.49,"71,400"
서울특별시 구로구 구로동,1259,구일우성,84.49,"71,700"
서울특별시 구로구 구로동,104-6,그린플러스 구로 해담채2,13.23,"13,000"
서울특별시 구로구 구로동,104-6,그린플러스 구로 해담채2,13.23,"12,000"
서울특별시 구로구 구로동,104-6,그린플러스 구로 해담채2,13.23,"11,400"
서울특별시 구로구 구로동,314,극동,90.98,"58,600"
서울특별시 구로구 구로동,314,극동,58.22,"49,850"
서울특별시 구로구 구로동,314,극동,58.17,"48,800"
서울특별시 구로구 구로동,314,극동,55.57,"45,000"
서울특별시 구로구 구로동,1283,근상프리즘,84.96,"64,400"
서울특별시 구로구 구로동,49,금호,59.96,"49,000"
서울특별시 구로구 구로동,49,금호,84.7,"62,000"
서울특별시 구로구 구로동,49,금호,84.86,"59,000"
서울특별시 구로구 구로동,1270,뉴홍현솔레디움,84.69,"70,000"
서울특별시 구로구 구로동,Apr-43,다솜금호,84.35,"70,450"
서울특별시 구로구 구로동,Apr-43,다솜금호,84.35,"64,500"
서울특별시 구로구 구로동,1286,다울숲,84.32,"65,900"
서울특별시 구로구 구로동,685-154,다원그린빌,114.84,"85,000"
서울특별시 구로구 구로동,685-154,다원그린빌,114.84,"81,000"
서울특별시 구로구 구로동,1285,대림역경남아너스빌,84.8382,"75,000"
서울특별시 구로구 구로동,107-1,대림역대성스카이렉스,84.8,"67,000"
서울특별시 구로구 구로동,106-2,대림역포스큐,16.819,"13,000"
서울특별시 구로구 구로동,106-2,대림역포스큐,16.819,"14,500"
서울특별시 구로구 구로동,106-2,대림역포스큐,14.579,"16,000"
서울특별시 구로구 구로동,106-2,대림역포스큐,14.579,"13,200"
서울특별시 구로구 구로동,98,대림오페라타워,99.09,"50,000"
서울특별시 구로구 구로동,98,대림오페라타워,73.82,"35,000"
서울특별시 구로구 구로동,120,대림우성2,43.79,"38,900"
서울특별시 구로구 구로동,120,대림우성2,43.79,"38,900"
서울특별시 구로구 구로동,120,대림우성2,43.79,"41,800"
서울특별시 구로구 구로동,120,대림우성2,43.79,"39,800"
서울특별시 구로구 구로동,120,대림우성2,43.79,"39,000"
서울특별시 구로구 구로동,120,대림우성2,43.79,"42,700"
서울특별시 구로구 구로동,120,대림우성2,43.79,"39,000"
서울특별시 구로구 구로동,799-1,대성,37.14,"19,500"
서울특별시 구로구 구로동,106,동도아르떼빌,83.01,"48,800"
서울특별시 구로구 구로동,1257,럭키,59.98,"64,000"
서울특별시 구로구 구로동,1257,럭키,84.9,"76,000"
서울특별시 구로구 구로동,1257,럭키,84.9,"74,500"
서울특별시 구로구 구로동,1257,럭키,84.9,"74,500"
서울특별시 구로구 구로동,1257,럭키,56.11,"62,900"
서울특별시 구로구 구로동,1257,럭키,56.11,"60,000"
서울특별시 구로구 구로동,97,로제리움2차,14.91,"11,600"
서울특별시 구로구 구로동,97,로제리움2차,14.91,"11,500"
서울특별시 구로구 구로동,98-14,마인드에코프라움,35.34,"33,600"
서울특별시 구로구 구로동,440,보광,66.42,"70,000"
서울특별시 구로구 구로동,1271,보람쉬움,81.0944,"68,500"
서울특별시 구로구 구로동,1271,보람쉬움,81.0944,"62,500"
서울특별시 구로구 구로동,797-8,봉일(797-8),42.2,"16,000"
서울특별시 구로구 구로동,797-8,봉일(797-8),42.2,"26,000"
서울특별시 구로구 구로동,104-8,비즈트위트 레드,20.84,"16,900"
서울특별시 구로구 구로동,107-4,비즈트위트 블루,16.04,"10,800"
서울특별시 구로구 구로동,107-4,비즈트위트 블루,16.04,"10,000"
서울특별시 구로구 구로동,107-4,비즈트위트 블루,16.04,"12,500"
서울특별시 구로구 구로동,107-4,비즈트위트 블루,15.12,"13,000"
서울특별시 구로구 구로동,Aug-44,비즈트위트 오렌지,15.6,"12,000"
서울특별시 구로구 구로동,Aug-44,비즈트위트 오렌지,15.6,"12,000"
서울특별시 구로구 구로동,Aug-44,비즈트위트 오렌지,15.54,"11,000"
서울특별시 구로구 구로동,Aug-44,비즈트위트 오렌지,15.54,"12,000"
서울특별시 구로구 구로동,Aug-44,비즈트위트 오렌지,15.54,"12,000"
서울특별시 구로구 구로동,Aug-44,비즈트위트 오렌지,15.54,"13,000"
서울특별시 구로구 구로동,Aug-44,비즈트위트 오렌지,14.88,"10,550"
서울특별시 구로구 구로동,Aug-44,비즈트위트 오렌지,20.34,"12,000"
서울특별시 구로구 구로동,Aug-44,비즈트위트 오렌지,14.88,"12,900"
서울특별시 구로구 구로동,Aug-44,비즈트위트 오렌지,15.6,"11,500"
서울특별시 구로구 구로동,Aug-44,비즈트위트 오렌지,15.6,"13,000"
서울특별시 구로구 구로동,Oct-98,비즈트위트그린,15.11,"10,700"
서울특별시 구로구 구로동,Oct-98,비즈트위트그린,15.11,"10,500"
서울특별시 구로구 구로동,Oct-98,비즈트위트그린,15.11,"12,500"
서울특별시 구로구 구로동,Oct-98,비즈트위트그린,15.11,"12,500"
서울특별시 구로구 구로동,256-1,삼성래미안,109.651,"100,000"
서울특별시 구로구 구로동,256-1,삼성래미안,78.665,"94,000"
서울특별시 구로구 구로동,256-1,삼성래미안,78.665,"88,000"
서울특별시 구로구 구로동,108-2,새솔금호,59.9,"55,500"
서울특별시 구로구 구로동,108-2,새솔금호,59.9,"52,000"
서울특별시 구로구 구로동,108-2,새솔금호,59.9,"53,300"
서울특별시 구로구 구로동,108-2,새솔금호,59.9,"54,000"
서울특별시 구로구 구로동,145-23,성락,57.33,"37,500"
서울특별시 구로구 구로동,104-9,성호메이플라워멤버스빌,41.4,"20,000"
서울특별시 구로구 구로동,104-9,성호메이플라워멤버스빌,41.4,"20,500"
서울특별시 구로구 구로동,104-9,성호메이플라워멤버스빌,41.4,"20,500"
서울특별시 구로구 구로동,104-9,성호메이플라워멤버스빌,31.75,"13,350"
서울특별시 구로구 구로동,104-9,성호메이플라워멤버스빌,41.4,"20,100"
서울특별시 구로구 구로동,104-9,성호메이플라워멤버스빌,41.4,"20,300"
서울특별시 구로구 구로동,104-9,성호메이플라워멤버스빌,31.75,"14,000"
서울특별시 구로구 구로동,104-9,성호메이플라워멤버스빌,41.4,"20,500"
서울특별시 구로구 구로동,104-9,성호메이플라워멤버스빌,41.4,"19,600"
서울특별시 구로구 구로동,104-9,성호메이플라워멤버스빌,41.4,"20,800"
서울특별시 구로구 구로동,104-9,성호메이플라워멤버스빌,41.4,"20,600"
서울특별시 구로구 구로동,106-10,순영웰라이빌1차,59.5,"50,000"
서울특별시 구로구 구로동,Feb-97,순영웰라이빌2차,64.45,"47,800"
서울특별시 구로구 구로동,501,신구로자이,133.78,"110,000"
서울특별시 구로구 구로동,501,신구로자이,133.78,"103,000"
서울특별시 구로구 구로동,501,신구로자이,243.42,"168,000"
서울특별시 구로구 구로동,42,신도림LG자이,84.952,"98,000"
서울특별시 구로구 구로동,42,신도림LG자이,84.952,"107,000"
서울특별시 구로구 구로동,1263,신도림롯데아파트,84.93,"91,000"
서울특별시 구로구 구로동,1263,신도림롯데아파트,59.68,"85,800"
서울특별시 구로구 구로동,1263,신도림롯데아파트,170.3,"135,000"
서울특별시 구로구 구로동,1263,신도림롯데아파트,59.68,"87,900"
서울특별시 구로구 구로동,1267,신도림태영타운,84.87,"114,500"
서울특별시 구로구 구로동,1267,신도림태영타운,84.87,"120,000"
서울특별시 구로구 구로동,1267,신도림태영타운,84.87,"109,000"
서울특별시 구로구 구로동,1267,신도림태영타운,84.87,"119,000"
서울특별시 구로구 구로동,1267,신도림태영타운,171.22,"141,000"
서울특별시 구로구 구로동,1267,신도림태영타운,59.88,"100,000"
서울특별시 구로구 구로동,560,신도림현대,80.01,"84,500"
서울특별시 구로구 구로동,560,신도림현대,80.01,"91,000"
서울특별시 구로구 구로동,560,신도림현대,80.01,"89,500"
서울특별시 구로구 구로동,560,신도림현대,80.01,"86,000"
서울특별시 구로구 구로동,1274,신성미소지움,71.04,"63,700"
서울특별시 구로구 구로동,1274,신성미소지움,59.94,"59,350"
서울특별시 구로구 구로동,100-8,신안타워,134.94,"71,000"
서울특별시 구로구 구로동,108-4,아스타 빌,84.99,"45,000"
서울특별시 구로구 구로동,1268,영화참마음,84.63,"75,000"
서울특별시 구로구 구로동,1268,영화참마음,84.63,"82,500"
서울특별시 구로구 구로동,1277,우리유앤미,53.51,"48,000"
서울특별시 구로구 구로동,1277,우리유앤미,84.71,"59,990"
서울특별시 구로구 구로동,1277,우리유앤미,84.54,"73,000"
서울특별시 구로구 구로동,1279,우민늘푸른,66.85,"62,800"
서울특별시 구로구 구로동,642-46,우방,84.9,"66,000"
서울특별시 구로구 구로동,1058,우성(1058),84.38,"70,000"
서울특별시 구로구 구로동,1058,우성(1058),59.34,"60,000"
서울특별시 구로구 구로동,1058,우성(1058),59.34,"59,500"
서울특별시 구로구 구로동,1058,우성(1058),59.34,"59,700"
서울특별시 구로구 구로동,1058,우성(1058),84.38,"80,000"
서울특별시 구로구 구로동,1058,우성(1058),59.34,"68,000"
서울특별시 구로구 구로동,1058,우성(1058),84.38,"82,500"
서울특별시 구로구 구로동,110-9,우원그린빌,79.325,"60,000"
서울특별시 구로구 구로동,1262,월드,84.94,"74,700"
서울특별시 구로구 구로동,1262,월드,59.92,"59,500"
서울특별시 구로구 구로동,1260,이화우성,59.82,"63,400"
서울특별시 구로구 구로동,1260,이화우성,59.82,"66,500"
서울특별시 구로구 구로동,1261,일신건영,60,"67,500"
서울특별시 구로구 구로동,1261,일신건영,84.66,"79,000"
서울특별시 구로구 구로동,796-35,일심빌리지,46.32,"17,000"
서울특별시 구로구 구로동,748-43,정창빌라,48.48,"19,000"
서울특별시 구로구 구로동,806-83,제일,55.89,"20,000"
서울특별시 구로구 구로동,805-14,제일(805-14),55.98,"25,000"
서울특별시 구로구 구로동,800-2,조성빌라,21.96,"9,950"
서울특별시 구로구 구로동,110,종인아네스트,16.04,"11,000"
서울특별시 구로구 구로동,685-222,주공1,73.08,"79,000"
서울특별시 구로구 구로동,685-222,주공1,73.08,"79,700"
서울특별시 구로구 구로동,685-222,주공1,84.87,"89,500"
서울특별시 구로구 구로동,685-222,주공1,84.165,"92,500"
서울특별시 구로구 구로동,685-222,주공1,73.08,"60,000"
서울특별시 구로구 구로동,685-222,주공1,73.08,"60,000"
서울특별시 구로구 구로동,685-222,주공1,83.805,"92,000"
서울특별시 구로구 구로동,685-222,주공1,83.805,"90,000"
서울특별시 구로구 구로동,685-222,주공1,84.87,"95,000"
서울특별시 구로구 구로동,685-222,주공1,73.08,"84,500"
서울특별시 구로구 구로동,685-222,주공1,73.68,"83,500"
서울특별시 구로구 구로동,685-222,주공1,73.68,"83,500"
서울특별시 구로구 구로동,685-222,주공1,83.87,"95,500"
서울특별시 구로구 구로동,685-222,주공1,84.87,"94,500"
서울특별시 구로구 구로동,685-223,주공2,32.39,"47,000"
서울특별시 구로구 구로동,685-223,주공2,32.39,"47,300"
서울특별시 구로구 구로동,685-223,주공2,54.9,"71,000"
서울특별시 구로구 구로동,685-223,주공2,32.39,"49,000"
서울특별시 구로구 구로동,685-223,주공2,64.62,"84,000"
서울특별시 구로구 구로동,685-223,주공2,54.9,"79,000"
서울특별시 구로구 구로동,685-223,주공2,32.39,"45,000"
서울특별시 구로구 구로동,685-223,주공2,32.39,"49,900"
서울특별시 구로구 구로동,685-223,주공2,54.9,"78,000"
서울특별시 구로구 구로동,685-223,주공2,54.9,"75,000"
서울특별시 구로구 구로동,685-223,주공2,32.39,"51,500"
서울특별시 구로구 구로동,685-223,주공2,32.39,"47,000"
서울특별시 구로구 구로동,685-223,주공2,32.39,"46,000"
서울특별시 구로구 구로동,685-223,주공2,32.39,"47,500"
서울특별시 구로구 구로동,685-223,주공2,49.94,"64,500"
서울특별시 구로구 구로동,685-223,주공2,49.94,"65,000"
서울특별시 구로구 구로동,685-223,주공2,54.9,"79,000"
서울특별시 구로구 구로동,685-223,주공2,54.9,"74,000"
서울특별시 구로구 구로동,685-223,주공2,41.3,"63,000"
서울특별시 구로구 구로동,685-223,주공2,32.39,"32,000"
서울특별시 구로구 구로동,685-223,주공2,32.39,"51,000"
서울특별시 구로구 구로동,685-223,주공2,32.39,"52,000"
서울특별시 구로구 구로동,685-124,중앙하이츠,59.99,"59,900"
서울특별시 구로구 구로동,685-124,중앙하이츠,70.52,"64,500"
서울특별시 구로구 구로동,685-124,중앙하이츠,79.97,"70,500"
서울특별시 구로구 구로동,685-124,중앙하이츠,59.99,"60,000"
서울특별시 구로구 구로동,685-124,중앙하이츠,70.52,"69,800"
서울특별시 구로구 구로동,1269,중앙하이츠(1269),82.3019,"77,000"
서울특별시 구로구 구로동,1269,중앙하이츠(1269),82.3019,"82,500"
서울특별시 구로구 구로동,1269,중앙하이츠(1269),59.73,"69,000"
서울특별시 구로구 구로동,1269,중앙하이츠(1269),59.73,"69,300"
서울특별시 구로구 구로동,Aug-98,케어빌(98-8),54.58,"37,700"
서울특별시 구로구 구로동,Aug-98,케어빌(98-8),77.9,"43,800"
서울특별시 구로구 구로동,Aug-97,코원,12.49,"8,300"
서울특별시 구로구 구로동,May-46,한스타워,59.96,"39,400"
서울특별시 구로구 구로동,642-9,한신,44.78,"50,600"
서울특별시 구로구 구로동,642-9,한신,44.78,"50,000"
서울특별시 구로구 구로동,642-9,한신,35.277,"38,900"
서울특별시 구로구 구로동,642-9,한신,44.78,"50,500"
서울특별시 구로구 구로동,642-9,한신,35.277,"38,500"
서울특별시 구로구 구로동,642-9,한신,35.277,"40,000"
서울특별시 구로구 구로동,642-9,한신,44.78,"53,500"
서울특별시 구로구 구로동,642-9,한신,35.277,"40,600"
서울특별시 구로구 구로동,642-9,한신,44.78,"53,300"
서울특별시 구로구 구로동,1280,한신휴플러스(1280-0),50.03,"68,500"
서울특별시 구로구 구로동,1280,한신휴플러스(1280-0),50.03,"67,500"
서울특별시 구로구 구로동,1280,한신휴플러스(1280-0),58.03,"77,500"
서울특별시 구로구 구로동,1280,한신휴플러스(1280-0),50.03,"67,500"
서울특별시 구로구 구로동,1280,한신휴플러스(1280-0),50.17,"69,800"
서울특별시 구로구 구로동,1281,한일유앤아이,84.962,"68,500"
서울특별시 구로구 구로동,1281,한일유앤아이,84.962,"70,000"
서울특별시 구로구 구로동,1281,한일유앤아이,84.962,"73,000"
서울특별시 구로구 구로동,415-37,한일퍼스트빌(415-37),83.18,"29,000"
서울특별시 구로구 구로동,104-3,해담채3,13.39,"12,000"
서울특별시 구로구 구로동,104-3,해담채3,13.39,"12,000"
서울특별시 구로구 구로동,104-3,해담채3,13.39,"10,000"
서울특별시 구로구 구로동,104-3,해담채3,13.39,"10,000"
서울특별시 구로구 구로동,104-3,해담채3,13.39,"12,000"
서울특별시 구로구 구로동,104-3,해담채3,13.39,"10,000"
서울특별시 구로구 구로동,104-3,해담채3,13.39,"10,100"
서울특별시 구로구 구로동,74-30,현대,56.49,"57,000"
서울특별시 구로구 구로동,74-30,현대,72.33,"66,800"
서울특별시 구로구 구로동,701-76,현대로얄,79.79,"51,000"
서울특별시 구로구 구로동,685-147,현대상선,79.98,"68,650"
서울특별시 구로구 구로동,685-147,현대상선,64.55,"59,550"
서울특별시 구로구 구로동,685-147,현대상선,79.98,"68,550"
서울특별시 구로구 구로동,685-147,현대상선,79.98,"68,500"
서울특별시 구로구 구로동,685-147,현대상선,64.55,"63,900"
서울특별시 구로구 구로동,685-70,현대연예인,74.66,"68,000"
서울특별시 구로구 구로동,685-70,현대연예인,84.91,"66,000"
서울특별시 구로구 구로동,685-70,현대연예인,84.91,"73,000"
서울특별시 구로구 구로동,685-70,현대연예인,84.91,"72,000"
서울특별시 구로구 구로동,642-33,현대의보아파트,83.95,"62,200"
서울특별시 구로구 구로동,642-33,현대의보아파트,83.02,"59,800"
서울특별시 구로구 구로동,642-33,현대의보아파트,83.02,"64,500"
서울특별시 구로구 구로동,642-33,현대의보아파트,83.02,"60,000"
서울특별시 구로구 구로동,108,현대파크빌,138.358,"69,900"
서울특별시 구로구 구로동,110-1,희훈타워빌,142.59,"73,000"
서울특별시 구로구 궁동,236-4,뉴파인,76.17,"32,200"
서울특별시 구로구 궁동,236-4,뉴파인,75.94,"34,700"
서울특별시 구로구 궁동,182-10,다청림(102동),78.41,"40,000"
서울특별시 구로구 궁동,182-10,다청림(102동),78.41,"35,000"
서울특별시 구로구 궁동,182,다청림(104동),54.67,"22,000"
서울특별시 구로구 궁동,182,다청림(104동),63.99,"23,500"
서울특별시 구로구 궁동,178-5,다청림(107동),79.81,"40,000"
서울특별시 구로구 궁동,143-1,다청림101동(143-1),84.21,"35,000"
서울특별시 구로구 궁동,184-20,대명하이빌101동,70.09,"35,700"
서울특별시 구로구 궁동,290,우남푸르미아,84.974,"59,000"
서울특별시 구로구 궁동,290,우남푸르미아,84.958,"51,000"
서울특별시 구로구 궁동,112-10,호수1차A동,75.37,"27,000"
서울특별시 구로구 신도림동,432-1,SK VIEW,84.98,"116,500"
서울특별시 구로구 신도림동,642,대림1,59.88,"88,500"
서울특별시 구로구 신도림동,642,대림1,59.93,"89,950"
서울특별시 구로구 신도림동,642,대림1,59.88,"93,000"
서울특별시 구로구 신도림동,642,대림1,101.48,"132,500"
서울특별시 구로구 신도림동,642,대림1,59.88,"85,000"
서울특별시 구로구 신도림동,642,대림1,59.9,"94,000"
서울특별시 구로구 신도림동,642,대림1,84.95,"111,000"
서울특별시 구로구 신도림동,642,대림1,84.95,"112,000"
서울특별시 구로구 신도림동,642,대림1,59.9,"97,000"
서울특별시 구로구 신도림동,642,대림2,84.95,"116,000"
서울특별시 구로구 신도림동,642,대림2,59.9,"98,000"
서울특별시 구로구 신도림동,642,대림2,84.95,"120,000"
서울특별시 구로구 신도림동,642,대림2,59.82,"97,000"
서울특별시 구로구 신도림동,642,대림2,59.88,"92,500"
서울특별시 구로구 신도림동,642,대림2,134.99,"125,000"
서울특별시 구로구 신도림동,691,대림3,114.55,"123,700"
서울특별시 구로구 신도림동,646,대림e-편한세상4,84.78,"139,500"
서울특별시 구로구 신도림동,646,대림e-편한세상4,152.07,"157,000"
서울특별시 구로구 신도림동,646,대림e-편한세상4,152.07,"174,000"
서울특별시 구로구 신도림동,646,대림e-편한세상4,117.74,"156,500"
서울특별시 구로구 신도림동,646,대림e-편한세상4,117.74,"168,000"
서울특별시 구로구 신도림동,646,대림e-편한세상4,84.78,"145,000"
서울특별시 구로구 신도림동,646,대림e-편한세상4,117.74,"172,500"
서울특별시 구로구 신도림동,646,대림e-편한세상4,152.07,"178,000"
서울특별시 구로구 신도림동,647,대림e-편한세상5,84.789,"123,500"
서울특별시 구로구 신도림동,647,대림e-편한세상5,84.789,"115,000"
서울특별시 구로구 신도림동,647,대림e-편한세상5,84.789,"132,000"
서울특별시 구로구 신도림동,647,대림e-편한세상5,84.789,"132,000"
서울특별시 구로구 신도림동,649,대림e-편한세상7,84.928,"136,800"
서울특별시 구로구 신도림동,649,대림e-편한세상7,84.928,"135,000"
서울특별시 구로구 신도림동,643,동아1,59.978,"99,900"
서울특별시 구로구 신도림동,643,동아1,59.978,"105,000"
서울특별시 구로구 신도림동,644,동아2,59.595,"95,000"
서울특별시 구로구 신도림동,644,동아2,59.595,"95,000"
서울특별시 구로구 신도림동,644,동아2,112.354,"143,000"
서울특별시 구로구 신도림동,644,동아2,112.354,"107,000"
서울특별시 구로구 신도림동,645,동아3,84.99,"100,000"
서울특별시 구로구 신도림동,645,동아3,60,"102,500"
서울특별시 구로구 신도림동,645,동아3,60,"106,000"
서울특별시 구로구 신도림동,645,동아3,60,"113,000"
서울특별시 구로구 신도림동,645,동아3,60,"109,000"
서울특별시 구로구 신도림동,645,동아3,60,"109,800"
서울특별시 구로구 신도림동,692,디큐브시티,128.41,"149,000"
서울특별시 구로구 신도림동,692,디큐브시티,59.16,"100,000"
서울특별시 구로구 신도림동,692,디큐브시티,128.41,"139,500"
서울특별시 구로구 신도림동,692,디큐브시티,128.41,"160,500"
서울특별시 구로구 신도림동,692,디큐브시티,59.16,"103,000"
서울특별시 구로구 신도림동,290,미성,37.91,"59,000"
서울특별시 구로구 신도림동,290,미성,66.03,"76,200"
서울특별시 구로구 신도림동,290,미성,37.91,"63,000"
서울특별시 구로구 신도림동,290,미성,37.91,"64,000"
서울특별시 구로구 신도림동,290,미성,83.67,"95,000"
서울특별시 구로구 신도림동,290,미성,52.45,"71,000"
서울특별시 구로구 신도림동,290,미성,66.03,"81,000"
서울특별시 구로구 신도림동,290,미성,37.91,"55,600"
서울특별시 구로구 신도림동,290,미성,83.67,"95,000"
서울특별시 구로구 신도림동,290,미성,37.91,"64,800"
서울특별시 구로구 신도림동,290,미성,83.67,"96,500"
서울특별시 구로구 신도림동,435-10,신도림3차푸르지오,82.8,"99,000"
서울특별시 구로구 신도림동,412-3,신도림팰러티움,84.62,"77,000"
서울특별시 구로구 신도림동,640,신성은하수,59.88,"77,500"
서울특별시 구로구 신도림동,640,신성은하수,84.97,"84,000"
서울특별시 구로구 신도림동,639,우성2,84.82,"107,900"
서울특별시 구로구 신도림동,639,우성2,84.82,"107,900"
서울특별시 구로구 신도림동,639,우성2,84.82,"109,500"
서울특별시 구로구 신도림동,639,우성2,84.82,"109,700"
서울특별시 구로구 신도림동,639,우성2,84.82,"114,000"
서울특별시 구로구 신도림동,639,우성2,84.82,"114,000"
서울특별시 구로구 신도림동,639,우성2,84.82,"114,500"
서울특별시 구로구 신도림동,637,우성3,84.75,"115,000"
서울특별시 구로구 신도림동,641,현대홈타운아파트,83.76,"98,500"
서울특별시 구로구 신도림동,641,현대홈타운아파트,59.73,"81,000"
서울특별시 구로구 신도림동,641,현대홈타운아파트,59.73,"76,800"
서울특별시 구로구 신도림동,641,현대홈타운아파트,64.23,"80,500"
서울특별시 구로구 오류동,344,경남아너스빌,84.98,"77,200"
서울특별시 구로구 오류동,344,경남아너스빌,84.93,"75,300"
서울특별시 구로구 오류동,344,경남아너스빌,84.98,"74,700"
서울특별시 구로구 오류동,344,경남아너스빌,84.98,"78,000"
서울특별시 구로구 오류동,343,금강(343),84.983,"74,500"
서울특별시 구로구 오류동,343,금강(343),60.054,"63,700"
서울특별시 구로구 오류동,343,금강(343),60.054,"64,000"
서울특별시 구로구 오류동,343,금강(343),60.054,"60,000"
서울특별시 구로구 오류동,343,금강(343),84.983,"76,000"
서울특별시 구로구 오류동,343,금강(343),84.983,"94,000"
서울특별시 구로구 오류동,343,금강(343),60.054,"67,800"
서울특별시 구로구 오류동,343,금강(343),60.054,"74,000"
서울특별시 구로구 오류동,343,금강(343),84.983,"80,000"
서울특별시 구로구 오류동,343,금강(343),60.054,"67,900"
서울특별시 구로구 오류동,343,금강(343),60.054,"70,000"
서울특별시 구로구 오류동,343,금강(343),60.054,"63,000"
서울특별시 구로구 오류동,336,동부(101동~103동),84.89,"53,000"
서울특별시 구로구 오류동,336,동부(101동~103동),84.89,"59,999"
서울특별시 구로구 오류동,336,동부(101동~103동),59.98,"43,000"
서울특별시 구로구 오류동,339,동부(105동~106동),59.79,"53,000"
서울특별시 구로구 오류동,338,동부골든,59.94,"48,000"
서울특별시 구로구 오류동,338,동부골든,59.94,"48,600"
서울특별시 구로구 오류동,338,동부골든,59.94,"49,500"
서울특별시 구로구 오류동,338,동부골든,105.21,"63,500"
서울특별시 구로구 오류동,338,동부골든,113.43,"53,000"
서울특별시 구로구 오류동,338,동부골든,59.94,"49,000"
서울특별시 구로구 오류동,338,동부골든,59.94,"50,800"
서울특별시 구로구 오류동,338,동부골든,59.94,"48,000"
서울특별시 구로구 오류동,345,동선,58.2159,"47,800"
서울특별시 구로구 오류동,345,동선,58.2159,"49,000"
서울특별시 구로구 오류동,345,동선,58.2159,"50,000"
서울특별시 구로구 오류동,334,라인,59.52,"39,700"
서울특별시 구로구 오류동,334,라인,59.52,"38,000"
서울특별시 구로구 오류동,12월 02일,미진주택B동,38.25,"23,000"
서울특별시 구로구 오류동,340,삼천리,59.73,"57,700"
서울특별시 구로구 오류동,340,삼천리,59.73,"59,500"
서울특별시 구로구 오류동,340,삼천리,59.73,"58,500"
서울특별시 구로구 오류동,34-13,썬앤빌,14.064,"6,600"
서울특별시 구로구 오류동,34-13,썬앤빌,14.064,"8,300"
서울특별시 구로구 오류동,34-13,썬앤빌,14.064,"8,000"
서울특별시 구로구 오류동,193-17,양지쉐르빌아파트,53.7,"36,000"
서울특별시 구로구 오류동,342,영풍마드레빌,84.741,"73,000"
서울특별시 구로구 오류동,342,영풍마드레빌,59.819,"64,800"
서울특별시 구로구 오류동,9-231,오류동 삼전솔하임,37.759,"30,000"
서울특별시 구로구 오류동,9-231,오류동 삼전솔하임,37.759,"30,900"
서울특별시 구로구 오류동,9-231,오류동 삼전솔하임,15.943,"13,300"
서울특별시 구로구 오류동,347,오류동금호어울림,59.98,"54,700"
서울특별시 구로구 오류동,Feb-75,오류동역솔리스타,19.09,"10,500"
서울특별시 구로구 오류동,346,오류동푸르지오,84.936,"74,700"
서울특별시 구로구 오류동,346,오류동푸르지오,84.853,"75,000"
서울특별시 구로구 오류동,Apr-31,오류동휘버스,83.97,"38,800"
서울특별시 구로구 오류동,Apr-31,오류동휘버스,83.97,"39,000"
서울특별시 구로구 오류동,Apr-31,오류동휘버스,83.97,"41,300"
서울특별시 구로구 오류동,Apr-31,오류동휘버스,83.97,"45,000"
서울특별시 구로구 오류동,348,우림필유,59.95,"50,800"
서울특별시 구로구 오류동,292-10,우창굿모닝,102.99,"44,000"
서울특별시 구로구 오류동,108-76,유한수목원,74.94,"36,700"
서울특별시 구로구 오류동,349,은하수 수목원,77.829,"45,800"
서울특별시 구로구 오류동,Jan-46,이좋은집,36.69,"19,500"
서울특별시 구로구 오류동,Jan-46,이좋은집,36.69,"19,750"
서울특별시 구로구 오류동,Jan-46,이좋은집,36.69,"17,700"
서울특별시 구로구 오류동,Jan-46,이좋은집,36.69,"19,500"
서울특별시 구로구 오류동,Jan-46,이좋은집,36.69,"18,000"
서울특별시 구로구 오류동,Jan-46,이좋은집,36.69,"19,650"
서울특별시 구로구 오류동,51-31,포스시티,14.29,"9,100"
서울특별시 구로구 오류동,51-31,포스시티,17.75,"10,000"
서울특별시 구로구 오류동,51-31,포스시티,14.29,"9,200"
서울특별시 구로구 오류동,51-31,포스시티,17.75,"10,800"
서울특별시 구로구 오류동,341,한신플러스타운,84.96,"63,800"
서울특별시 구로구 오류동,341,한신플러스타운,59.91,"51,000"
서울특별시 구로구 온수동,83,온수동,84.98,"28,000"
서울특별시 구로구 온수동,155,온수힐스테이트,84.99,"79,700"
서울특별시 구로구 온수동,155,온수힐스테이트,84.97,"74,000"
서울특별시 구로구 온수동,155,온수힐스테이트,84.99,"75,700"
서울특별시 구로구 온수동,155,온수힐스테이트,59.98,"65,000"
서울특별시 구로구 온수동,155,온수힐스테이트,59.96,"70,000"
서울특별시 구로구 온수동,155,온수힐스테이트,102.6,"80,000"
서울특별시 구로구 온수동,155,온수힐스테이트,102.6,"80,000"
서울특별시 구로구 온수동,155,온수힐스테이트,121.28,"89,700"
서울특별시 구로구 온수동,155,온수힐스테이트,59.98,"74,800"
서울특별시 구로구 온수동,155,온수힐스테이트,59.98,"71,700"
서울특별시 구로구 온수동,155,온수힐스테이트,102.6,"84,800"
서울특별시 구로구 천왕동,280,천왕연지타운1단지,84.98,"87,900"
서울특별시 구로구 천왕동,280,천왕연지타운1단지,84.98,"88,000"
서울특별시 구로구 천왕동,280,천왕연지타운1단지,84.97,"89,000"
서울특별시 구로구 천왕동,281,천왕연지타운2단지,84.9,"84,500"
서울특별시 구로구 천왕동,281,천왕연지타운2단지,84.9,"84,500"
서울특별시 구로구 천왕동,281,천왕연지타운2단지,84.98,"83,800"
서울특별시 구로구 천왕동,281,천왕연지타운2단지,84.9,"85,000"
서울특별시 구로구 천왕동,282,천왕이펜하우스1단지,59.94,"78,000"
서울특별시 구로구 천왕동,279-2,천왕이펜하우스2단지,84.97,"84,700"
서울특별시 구로구 천왕동,273,천왕이펜하우스4단지,84.97,"80,000"
서울특별시 구로구 천왕동,277,천왕이펜하우스5단지,84.98,"84,500"
서울특별시 구로구 천왕동,275,천왕이펜하우스6단지,84.97,"79,000"
서울특별시 구로구 항동,16-33,동보수목원,84.87,"34,500"
서울특별시 구로구 항동,16-18,동보수목원(16-18),84.41,"35,000"
서울특별시 구로구 항동,가-237,하버라인2단지,59.86,"75,000"
서울특별시 구로구 항동,가-246,항동 제일풍경채 포레스트,101.6125,"89,000"
서울특별시 구로구 항동,233,현대홈타운스위트,84.9804,"63,000"
